scenario,method,n_days,n_seeds,cost,cost_lo,cost_hi,cost_per_kwh,cost_per_kwh_lo,cost_per_kwh_hi,unmet_share,unmet_share_lo,unmet_share_hi,miss_rate,miss_rate_lo,miss_rate_hi,grid_viol,grid_viol_lo,grid_viol_hi,grid_max_excess,grid_max_excess_lo,grid_max_excess_hi,high_power_ratio,high_power_ratio_lo,high_power_ratio_hi,jain,jain_lo,jain_hi,cost1_sum,cost1_sum_lo,cost1_sum_hi,cost2_sum,cost2_sum_lo,cost2_sum_hi,ms_per_step,ms_per_step_lo,ms_per_step_hi,peak_power,peak_power_lo,peak_power_hi,U_dur_0_2h,U_dur_0_2h_lo,U_dur_0_2h_hi,U_dur_2_4h,U_dur_2_4h_lo,U_dur_2_4h_hi,U_dur_4_8h,U_dur_4_8h_lo,U_dur_4_8h_hi,U_dur_8_24h,U_dur_8_24h_lo,U_dur_8_24h_hi,gap_cost_per_kwh,gap_cost_per_kwh_lo,gap_cost_per_kwh_hi,gap_U,gap_U_lo,gap_U_hi,U_seed_std,cost_per_kwh_seed_std
jpl_test_M0,FCFS,85,1,143.77243610382934,131.5878831960692,155.4482048720869,0.1605739422902032,0.1570394114292817,0.1644214311019675,0.0471229010961804,0.0395232146260052,0.0550659713669605,0.10367032473065,0.0875220483568993,0.1209797550025261,0.0,0.0,0.0,0.0,0.0,0.0,0.8917995643185648,0.8888163779743242,0.8950708249205787,0.9758690139198964,0.9705380344118868,0.9805886486802812,6.477725899132599,5.363541482430166,7.6942313304238255,9.931900452488692,9.118410633484167,10.693235294117653,0.0461691840766933,0.0454430058669138,0.0468722310297469,85.74411294117652,80.62024578823534,90.67426818823536,0.118573313118707,0.0846436257151382,0.1585764592031988,0.0932848648069485,0.072710883791227,0.1157924725765715,0.0795797837511363,0.0657008925982885,0.0946375716168985,0.0237025293277827,0.0185778293667145,0.0292906067083292,0.0111414577257762,0.0054391434107295,0.0167928968603129,0.0377967112715583,0.0324225543339684,0.0434102440294223,,
jpl_test_M0,EDF,85,1,148.8043748773787,135.93190636489535,160.7178554460871,0.1619999346230516,0.1585302631757301,0.1657934882577497,0.026768642326237,0.0206080652280906,0.0333656939054928,0.0393430910800067,0.0310256045020445,0.048220791520077,0.0,0.0,0.0,0.0,0.0,0.0,0.8881409013318009,0.8850057664354452,0.8915002249853524,0.9961477501253092,0.994733285292697,0.9973290841005084,3.797710617963312,2.8925514603452513,4.782387718210233,10.158144796380093,9.315107466063353,10.925740950226244,0.0455377400755299,0.0448606640664668,0.0461790452634565,85.74411294117652,80.62024578823534,90.67426818823536,2.941508085568704e-18,9.235405543551458e-19,5.341425509122056e-18,0.0063669797383818,0.0022786742758242,0.0118745449596167,0.0226550148788884,0.0154758169970378,0.0307810697863212,0.0349041877338979,0.0268159391048491,0.0436692802788767,0.0204722663643363,0.0151535185102068,0.0258380635930258,0.0174424525016149,0.0140934306811359,0.0208736317246925,,
jpl_test_M0,LLF,85,1,153.60719856968723,140.0627042975608,166.03012866757095,0.1633693173016379,0.1598619114285247,0.1671643680500041,0.0093767369511487,0.005065861555709,0.0145216634691341,0.0674638582873848,0.0385093719335978,0.1014716549932516,0.0,0.0,0.0,0.0,0.0,0.0,0.8879784328735468,0.8838958514220266,0.8924128849790034,0.9955926023754664,0.9926416598318744,0.9979288232030666,1.40811290636602,0.7494125394959891,2.1835453295516194,10.390271493212676,9.513342760181,11.1893891402715,0.0449368980423291,0.0443786235468995,0.045450772140032,85.74411294117652,80.62024578823534,90.67426818823536,0.0356295020669035,0.0186044518713272,0.0571095490318991,0.0136507736784057,0.0072861829889853,0.0216637890593954,0.0064477572847078,0.0035279458372798,0.0099392242104664,0.0093075436317838,0.004777737029803,0.01478940249034,0.0289196735278634,0.0243592430569138,0.0336249095478251,5.054712652672032e-05,1.6595388556795074e-06,0.0001220186329636,,
jpl_test_M0,MPC,85,1,151.5759586177229,138.3130586147543,164.0030104792689,0.1627156209632153,0.1593315157862156,0.1665728762555421,0.0190836288380066,0.0129683178351126,0.0261240330757207,0.0930390234149694,0.0658650310041543,0.1229138955549664,0.0,0.0,0.0,0.0,0.0,0.0,0.8683703093619206,0.8640063934891784,0.8730948304439501,0.9883988007030422,0.983709935373023,0.992393278856478,2.803072785233211,1.8888313429440948,3.8816608267516015,10.133936651583715,9.287104072398195,10.896917420814487,1.2803571595516892,1.141537572159406,1.4354576399333543,87.31049788235299,82.35030376470594,91.88522574117653,0.1051742253528804,0.0726956307323609,0.140391502995022,0.0581224152745596,0.0389165753503349,0.0790910968677694,0.0154413524021523,0.0097874513308909,0.0221482804022237,0.0111314493906261,0.0067099996421009,0.0164572616407571,0.0247266213765458,0.0206204440425573,0.0288619039625316,0.0097574390133846,0.0071118630851583,0.0125381265888368,,
jpl_test_M0,OPT,85,1,149.60547014105833,136.3327009777789,162.05698771801863,0.1589368478637954,0.1553904247381179,0.1629799973857276,0.009326189824622,0.005000272622536,0.0144701253248224,0.0179709645683156,0.0100680683284883,0.0274642330370413,0.0,0.0,0.0,9.696818511549604e-15,8.192139776998801e-15,1.103849038319071e-14,0.8893012306341568,0.8861334925061124,0.8926671954919151,0.9973032193072006,0.9953997192754808,0.998783286533198,,,,,,,,,,86.89262682352947,81.97839421176475,91.51425872941182,0.0109510494858337,0.0030841479785629,0.0220745085561796,0.0116855980689053,0.005790201955601,0.0187533997163149,0.0124746139870604,0.0048046194028351,0.0230360044138135,0.008267471348501,0.0043627677935135,0.0131237832520826,0.0,0.0,0.0,0.0,0.0,0.0,,
jpl_test_M0,PPOLag,85,5,96.0736285285078,89.25136804670761,102.47616998411478,0.1548419686405797,0.15165900985104,0.1587363316710707,0.2864333678029018,0.2530472663702987,0.3186765094011206,0.6365371298148219,0.5686128934273931,0.6999870981173903,0.0,0.0,0.0,0.0,0.0,0.0,0.1750448182777744,0.1411334771565356,0.2134071275152407,0.8638185820035112,0.8471603279286128,0.8807817153412867,38.67144996710694,33.883467733861195,43.348326626985525,3.7514932126696823,3.5168699095022617,3.98030995475113,0.1534739818866821,0.1526596638102502,0.15428419251682,79.11519294778573,74.0772460719855,83.83872838687057,0.4317830154584274,0.3831647079372113,0.4836881269358124,0.294353728158417,0.2564179774290605,0.3325744360215165,0.2148329478637016,0.1897386393767506,0.239677205997173,0.3262537410671627,0.2907050237404586,0.3576399543204066,-0.0204485339617789,-0.0392661519312713,-0.0009129261370875,0.2771071779782798,0.2448681795047536,0.307587218994206,0.0397290543345383,0.0063584102876951
jpl_test_M1r,FCFS,85,1,143.77243610382934,131.5878831960692,155.4482048720869,0.1605739422902032,0.1570394114292817,0.1644214311019675,0.0471229010961804,0.0395232146260052,0.0550659713669605,0.10367032473065,0.0875220483568993,0.1209797550025261,0.0,0.0,0.0,0.0,0.0,0.0,0.8917995643185648,0.8888163779743242,0.8950708249205787,0.9758690139198964,0.9705380344118868,0.9805886486802812,6.477725899132599,5.363541482430166,7.6942313304238255,9.931900452488692,9.118410633484167,10.693235294117653,0.0466719713300585,0.0459193402234988,0.0474243848490611,85.74411294117652,80.62024578823534,90.67426818823536,0.118573313118707,0.0846436257151382,0.1585764592031988,0.0932848648069485,0.072710883791227,0.1157924725765715,0.0795797837511363,0.0657008925982885,0.0946375716168985,0.0237025293277827,0.0185778293667145,0.0292906067083292,0.0111414577257762,0.0054391434107295,0.0167928968603129,0.0377967112715583,0.0324225543339684,0.0434102440294223,,
jpl_test_M1r,EDF,85,1,140.99111162538475,129.03992190218082,152.20258137961974,0.1596191682076608,0.1560678571072817,0.163497442674679,0.0573984836637308,0.048718211285538,0.0665821735838078,0.0737909115882516,0.0626662840032405,0.0856429866044451,0.0,0.0,0.0,0.0,0.0,0.0,0.8911408346825404,0.8881549545730344,0.8943924767342221,0.980048598604244,0.9757634603977418,0.9837921225625628,7.833562215826204,6.581675024229269,9.176092431282203,9.802488687782809,8.989117647058825,10.548976244343896,0.0460230806293468,0.0452912657889261,0.0467378565134573,85.74411294117652,80.62024578823534,90.67426818823536,0.0215133449966822,0.0060917471959366,0.0441957861662306,0.0403552362151225,0.0256165946477845,0.0567746973883958,0.0987976836482114,0.0815049994499375,0.1183006763886633,0.046702694118997,0.0378522285703196,0.0556664789003307,0.0050816262276159,-0.0011521019633555,0.0113423246352083,0.0480722938391088,0.0415727019416512,0.0546185096423107,,
jpl_test_M1r,LLF,85,1,143.16783741696096,130.92771353537742,154.51932921702056,0.1604189539791068,0.1568819087953964,0.164345006261062,0.0496984617422332,0.041566633934693,0.0579192346014718,0.0887300969318206,0.0741393043230968,0.1042384646582121,0.0,0.0,0.0,0.0,0.0,0.0,0.8889421686383323,0.885663479099067,0.8925764663218361,0.9682518616801492,0.9617837289290796,0.9742168431167324,6.829146760135615,5.63662436970599,8.120132592243303,9.885972850678735,9.07050339366516,10.635526018099554,0.0455083795357352,0.0448507580321187,0.0461531185751215,85.74411294117652,80.62024578823534,90.67426818823536,0.0817406693760718,0.0544971578417544,0.1164455345947085,0.0716952581693907,0.0524658197758407,0.0925072501509373,0.1081541248382981,0.0902105918178039,0.1292522449015313,0.02307886642267,0.0175989431584358,0.0288349780484178,0.0099988953382372,0.0042627943728333,0.0158037527160563,0.0403722719176111,0.0345345901489808,0.0462177145526354,,
jpl_test_M1r,MPC,85,1,118.37735605292713,107.6375058470279,128.58522611062733,0.1475637279416119,0.1431842221530162,0.1521355472501744,0.1860086789058999,0.1725067525676777,0.2014316102876889,0.3967975493689362,0.369773505550783,0.4273655171057556,0.0,0.0,0.0,0.0,0.0,0.0,0.8685637924835828,0.8645657289364413,0.8728795175092053,0.8531767079061859,0.8401844654035958,0.8653013976112268,19.37570180237025,17.657255933988004,21.132934133075995,8.63778280542987,7.880277149321271,9.310254524886885,1.0050846601759489,0.93327186427493,1.0722662680205652,86.8564781176471,81.83579590588239,91.56035689411767,0.6436438148397737,0.6022097756066448,0.6850274006060745,0.3850792713173058,0.3548708090795678,0.4147863739992318,0.2144314631802315,0.1923311708606968,0.237243405798995,0.0765259329656737,0.0681771996248419,0.0849715113709207,-0.0722310997949065,-0.0885352256914503,-0.0576186072422564,0.1766824890812778,0.1620445113951341,0.1934200533856652,,
jpl_test_M1r,OPT,85,1,149.60547014105833,136.3327009777789,162.05698771801863,0.1589368478637954,0.1553904247381179,0.1629799973857276,0.009326189824622,0.005000272622536,0.0144701253248224,0.0179709645683156,0.0100680683284883,0.0274642330370413,0.0,0.0,0.0,9.696818511549604e-15,8.192139776998801e-15,1.103849038319071e-14,0.8893012306341568,0.8861334925061124,0.8926671954919151,0.9973032193072006,0.9953997192754808,0.998783286533198,,,,,,,,,,86.89262682352947,81.97839421176475,91.51425872941182,0.0109510494858337,0.0030841479785629,0.0220745085561796,0.0116855980689053,0.005790201955601,0.0187533997163149,0.0124746139870604,0.0048046194028351,0.0230360044138135,0.008267471348501,0.0043627677935135,0.0131237832520826,0.0,0.0,0.0,0.0,0.0,0.0,,
jpl_test_M1r,PPOLag,85,5,107.58084686877216,99.13436284421114,115.4223621560225,0.1607376794162205,0.1574510678240394,0.16442993016137,0.2597944873695802,0.2384345953171197,0.2802596249168383,0.5081140414346104,0.4685254440107258,0.544143652324378,0.0,0.0,0.0,0.0,0.0,0.0,0.1721515091186277,0.1439875187928763,0.2042298544576718,0.8392293137705293,0.8255327538841888,0.8538804693057221,33.40552256265098,29.67408206025909,36.930354366846984,3.8231221719457,3.567039592760178,4.070317873303165,0.155268806222154,0.1543354734879215,0.1562185371201884,80.55777436426085,75.29436911007974,85.51945515514242,0.536981171448,0.4884535674982804,0.5836731445254109,0.3746302185257867,0.3325682723488823,0.4144807856627143,0.3291545082726296,0.2977573813874044,0.3597382984968603,0.1981666300742574,0.1763171306161667,0.2185830084624423,0.0147805278836836,0.0008645336569104,0.0287084294962143,0.2504682975449581,0.2299785829334711,0.2699898612986361,0.0186982176316349,0.0039068055194839
post_M0,FCFS,182,1,9.811323056399695,8.650706497775971,11.04278088714804,0.1638046876298947,0.158438636671221,0.1694693297579909,0.0007306630250412,1.529095998445803e-05,0.0019626473369784,0.0020814479638009,0.0,0.0055853264382676,0.0,0.0,0.0,0.0,0.0,0.0,0.8024155929650201,0.7892349159870791,0.8150427003282499,0.9990335595131674,0.9972864304928676,0.9999999225895284,0.0265424251546993,0.0004358005913215,0.0748164773377118,0.6469271469271469,0.5705128205128205,0.7269129019129018,0.0397306382779495,0.0395156707455313,0.0399993653488247,17.09116483516484,15.909714285714283,18.28943626373626,0.0033813097105823,7.207775230038861e-19,0.00860846845914,0.0029498353901739,1.05726250522229e-18,0.0088495061705217,0.000223838427777,5.958547796728892e-19,0.0006715152833311,1.0238695695071376e-18,0.0,3.003320780990825e-18,0.1375256951791536,0.1046973118984451,0.172703438462682,0.0006974814145306,1.5290959984401743e-05,0.0018631025054467,,
post_M0,EDF,182,1,9.82642416804805,8.6642747701639,11.06552975782159,0.1638490889295676,0.1584979253848899,0.1695070338425526,0.0005107871679249,7.956248969261761e-19,0.0015323615037749,0.0006593406593406,0.0,0.0019780219780219,0.0,0.0,0.0,0.0,0.0,0.0,0.8026168735432515,0.7895088675311236,0.8153343071678425,0.99995051969825,0.9998515590947498,1.0,0.0214613715032424,0.0,0.0643841145097274,0.6470288970288969,0.5708180708180708,0.7265186202686202,0.0389039464316271,0.0386698252283798,0.039176883863388,17.09116483516484,15.909714285714283,18.28943626373626,9.28293660673049e-19,1.2883809589016657e-19,1.99408961717922e-18,3.181510942145103e-18,8.100951568877415e-19,6.294255110022971e-18,0.000828166249624,5.309751245034861e-19,0.0024844987488721,0.0008261192667946,0.0,0.002478357800384,0.1378836668034976,0.1048940983921962,0.1729849832464264,0.0004776055574143,-5.954803893197897e-17,0.0014328166722432,,
post_M0,LLF,182,1,9.86274707024585,8.666860527079372,11.135104036556534,0.1638475401046522,0.1584980942471057,0.1695416087089049,4.051879831319248e-05,9.499925034474537e-19,0.0001215563949395,0.0004395604395604,0.0,0.0013186813186813,0.0,0.0,0.0,0.0,0.0,0.0,0.8021003981779484,0.7890043981111,0.8148059156404742,0.9999974870833004,0.9999924612499008,1.0,0.0017024487654945,0.0,0.0051073462964836,0.6484533984533983,0.5712225274725276,0.7298636548636547,0.0389023464455495,0.0386381953178034,0.0392090876249352,17.09116483516484,15.909714285714283,18.28943626373626,1.0301269564304577e-18,1.9645610999170092e-19,2.1440112503518753e-18,7.782486333715337e-05,1.014643998963578e-18,0.0002334745900114,5.221007989387565e-05,4.746348733293822e-19,0.0001566302396816,4.351546974949635e-05,3.64991273350414e-19,0.0001305464092484,0.1378105589231519,0.1048761713560024,0.1729789098303604,7.33718780260507e-06,-5.93307246336009e-17,2.2011563407928225e-05,,
post_M0,MPC,182,1,9.163609966344753,7.99087091265504,10.396918110702051,0.1465521712211817,0.1419933327327386,0.1519449147095327,0.0001084620960252,4.929133771645283e-17,0.0003253862880757,0.0004395604395604,0.0,0.0013186813186813,0.0,0.0,0.0,0.0,0.0,0.0,0.7981564381598284,0.784971787184594,0.8111233179302504,0.999970622343028,0.999911867029084,1.0,0.0045571726992949,0.0,0.0136715180978847,0.6443833943833942,0.5684625559625558,0.7239672364672363,0.2861098804416689,0.2735009395012926,0.2984263782872655,19.040769230769232,17.5998010989011,20.468581868131867,1.32375103272505e-17,9.193954094642193e-18,1.7855662452047666e-17,0.0001154857255661,6.655710979764106e-17,0.0003464571766983,0.0001170114599742,4.201802439491055e-17,0.0003510343799225,0.0001900850170841,5.812176416691649e-17,0.0005702550512521,0.0037034177983768,0.0010042510698397,0.0077524025519037,7.528048551469943e-05,-4.029025378670771e-18,0.0002258414565441,,
post_M0,OPT,182,1,9.098149351509589,7.925571013317244,10.347673410094416,0.1461119491040349,0.1414860273054962,0.1514616058356151,3.318161051058741e-05,5.21007836855616e-17,9.954483153165188e-05,0.0,0.0,0.0,0.0,0.0,0.0,0.0,0.0,0.0,0.802594535615136,0.7894144836409679,0.815406660377344,0.999999493051027,0.9999984791530812,1.0,,,,,,,,,,18.595516483516484,17.26419615384615,19.884355494505495,1.5310990697604896e-17,1.0497125371175897e-17,2.0471956953525518e-17,7.866788383920915e-17,6.924230188825e-17,8.864953004990944e-17,9.782471683300377e-05,4.2372225207095856e-17,0.0002934741504989,7.170878528404657e-17,6.107671523283273e-17,8.302502913349837e-17,0.0,0.0,0.0,0.0,0.0,0.0,,
post_M0,PPOLag,182,5,9.9760189737141,8.788664298281168,11.26220948795594,0.1650349882056088,0.1599617411111997,0.170525947842016,0.0031486478077815,0.0025216550795431,0.0040772653541554,0.0070779104959777,0.0035688951998825,0.0121586358611043,0.0,0.0,0.0,0.0,0.0,0.0,0.2432826392436967,0.2286030443662884,0.2595390862033118,0.9998498848960992,0.9996465339719612,0.9999556653490036,0.035276070950944,0.0166712039380599,0.0694214212539403,0.5743386243386243,0.5076673789173788,0.6413390313390311,0.1539667072567961,0.1535266045871281,0.1544437856007176,15.683105746656,14.602621786531982,16.79325913163726,0.0073321288488731,0.0061568931746322,0.0091394091340159,0.0028029999033017,0.0018238039242206,0.0045416596998421,0.0024590491423135,0.0017021883759285,0.003554285093033,0.0013729403017841,0.0007808334831734,0.0024846116091402,0.1465931295396059,0.116411788191142,0.1794640932965331,0.0031154661972709,0.002521655079543,0.0039777205226238,0.0015226140877365,0.0006865219146908
post_M1r,FCFS,182,1,9.811323056399695,8.650706497775971,11.04278088714804,0.1638046876298947,0.158438636671221,0.1694693297579909,0.0007306630250412,1.529095998445803e-05,0.0019626473369784,0.0020814479638009,0.0,0.0055853264382676,0.0,0.0,0.0,0.0,0.0,0.0,0.8024155929650201,0.7892349159870791,0.8150427003282499,0.9990335595131674,0.9972864304928676,0.9999999225895284,0.0265424251546993,0.0004358005913215,0.0748164773377118,0.6469271469271469,0.5705128205128205,0.7269129019129018,0.0393190608368361,0.039115018721086,0.0395798932070051,17.09116483516484,15.909714285714283,18.28943626373626,0.0033813097105823,7.207775230038861e-19,0.00860846845914,0.0029498353901739,1.05726250522229e-18,0.0088495061705217,0.000223838427777,5.958547796728892e-19,0.0006715152833311,1.0238695695071376e-18,0.0,3.003320780990825e-18,0.1375256951791536,0.1046973118984451,0.172703438462682,0.0006974814145306,1.5290959984401743e-05,0.0018631025054467,,
post_M1r,EDF,182,1,9.820167941674423,8.663150966713973,11.042828018322195,0.1639334736043982,0.1585087690065215,0.1695890560439276,0.0010520643008595,0.0001144159542214,0.0026234781825118,0.0022959953212054,0.0002616431187859,0.0056417182257518,0.0,0.0,0.0,0.0,0.0,0.0,0.8026954532937333,0.7895192247614777,0.81542328761993,0.9993045294508895,0.9981005761707954,0.9999939365965516,0.0351348615495043,0.0022355321434158,0.0951651112376077,0.646011396011396,0.5703067765567765,0.7247964997964996,0.0391362706657993,0.0389153000625332,0.0394234023832308,17.09116483516484,15.909714285714283,18.28943626373626,0.0020069765501533,1.0015159186092753e-18,0.0053263784355,0.0015650306947405,9.835355576654525e-19,0.0046950920842215,0.00199384951227,0.0001321441177829,0.0048510007458385,0.0001552838855918,9.321045793307549e-20,0.0004658516567756,0.1385244008963922,0.1056242721430372,0.1734491144965525,0.0010188826903489,0.0001144159542213,0.0025239333509802,,
post_M1r,LLF,182,1,9.797927117498595,8.642154988911777,11.009831328583182,0.1637793122818676,0.1584275802488125,0.1694490217462944,0.0008965143986054,4.5096361878959493e-05,0.0023781126823087,0.0025628713023671,0.0002197802197802,0.0066233878166651,0.0,0.0,0.0,0.0,0.0,0.0,0.8020817143498684,0.7890197054296105,0.8147184416590688,0.9985055542139754,0.9958612134982224,0.9999847183399752,0.0318726016177864,0.0008748877632715,0.0898978399277476,0.6460113960113959,0.5701032763532764,0.7251856939356938,0.0393169619396108,0.0390402389015411,0.0396346402569234,17.09116483516484,15.909714285714283,18.28943626373626,0.003001347079135,0.0003661079080685,0.0070610162413415,0.0029326547551389,1.0629058119237628e-18,0.0087979642654169,0.0005541555741386,8.125557354647313e-19,0.0016624667224158,1.7615182939268164e-18,2.2548394012254e-19,4.0066546184651814e-18,0.1373697077936707,0.1046122590906056,0.1726058546377109,0.0008633327880948,4.509636187890216e-05,0.002278567850777,,
post_M1r,MPC,182,1,5.516459842670181,4.699746790073137,6.383064876971687,0.1353729528214689,0.1289979794185384,0.1415313255480343,0.3855120749914399,0.3555447537626038,0.4170430685016935,0.4971916842684968,0.4675312936844849,0.527506219467928,0.0,0.0,0.0,0.0,0.0,0.0,0.7674491831929865,0.7457527387822718,0.7888497531771905,0.6292092193967502,0.6044173438232896,0.6532219538659004,2.515472453999191,2.2200765145595156,2.8318338338247866,0.4257224257224257,0.3689433251933251,0.4842312779812779,0.2799254115726088,0.2677517467529074,0.2918044096915077,17.143516483516482,15.536529670329672,18.722304395604393,0.7835804938150183,0.7400473317023899,0.8239756508391418,0.5428256286997669,0.4875745772541177,0.5975027218029795,0.1863059653109209,0.1473330758990556,0.2282282445629891,0.0323621757350724,0.0132076047219257,0.0553881515882874,-0.0475203322172964,-0.0904892627507159,-0.002083824823579,0.3854788933809294,0.355512401692356,0.4170422389614305,,
post_M1r,OPT,182,1,9.098149351509589,7.925571013317244,10.347673410094416,0.1461119491040349,0.1414860273054962,0.1514616058356151,3.318161051058741e-05,5.21007836855616e-17,9.954483153165188e-05,0.0,0.0,0.0,0.0,0.0,0.0,0.0,0.0,0.0,0.802594535615136,0.7894144836409679,0.815406660377344,0.999999493051027,0.9999984791530812,1.0,,,,,,,,,,18.595516483516484,17.26419615384615,19.884355494505495,1.5310990697604896e-17,1.0497125371175897e-17,2.0471956953525518e-17,7.866788383920915e-17,6.924230188825e-17,8.864953004990944e-17,9.782471683300377e-05,4.2372225207095856e-17,0.0002934741504989,7.170878528404657e-17,6.107671523283273e-17,8.302502913349837e-17,0.0,0.0,0.0,0.0,0.0,0.0,,
post_M1r,PPOLag,182,5,9.363507922709196,8.289273162829874,10.510035107524468,0.1632520710815528,0.1580153945851472,0.1687753154659125,0.0377492656134876,0.0320818049334557,0.0433497320445789,0.1368726343338155,0.1213755944218943,0.1529891204322878,0.0,0.0,0.0,0.0,0.0,0.0,0.2228876148019637,0.2090437406442078,0.2387109247238866,0.9850872997178906,0.9823066322312568,0.9876372746973522,0.3907187540735364,0.3077452331204203,0.4848246033955462,0.5129426129426129,0.4558582621082619,0.5698661986161984,0.1700406754123886,0.1626947888841963,0.1786332138140837,15.489879300474138,14.43601964620607,16.55605004163791,0.0989223009719714,0.0859505071101769,0.1128488552134572,0.0391835343172015,0.0295466227557828,0.0500453290163114,0.0204823011546533,0.0136064702531072,0.0285663788726085,0.0007423802341499,0.0003458882975967,0.0013467295522273,0.1349193548576855,0.1036985056189272,0.1684677398593028,0.037716084002977,0.0320489886993375,0.0433148913535428,0.019634941100034,0.0010423596233814
