method,s,paired_bgM0,paired_bgM0_k0.15,paired_bgM1r
EDF,0.5,0.0145278450363196,0.0581113801452784,0.0242130750605326
EDF,1.0,0.0193704600484261,0.0629539951573849,0.0338983050847457
EDF,2.0,0.0193704600484261,0.0629539951573849,0.036319612590799
LLF,0.5,0.0193704600484261,0.1670702179176755,0.036319612590799
LLF,1.0,0.0193704600484261,0.1694915254237288,0.036319612590799
LLF,2.0,0.0217917675544794,0.1743341404358353,0.0387409200968523
MPC,0.5,0.0338983050847457,0.2179176755447942,0.0484261501210653
MPC,1.0,0.0338983050847457,0.2276029055690072,0.0508474576271186
MPC,2.0,0.036319612590799,0.2421307506053268,0.0508474576271186
PPOLag,0.5,0.9322033898305084,0.946731234866828,0.9128329297820824
PPOLag,1.0,0.973365617433414,0.9661016949152542,0.9685230024213076
PPOLag,2.0,0.973365617433414,0.9782082324455206,0.9878934624697336
