method,s,n_pairs,n_days,share_gain_gt0,share_gain_lt0,gain_kwh,gain_kwh_lo,gain_kwh_hi,gain_pct,gain_pct_lo,gain_pct_hi
EDF,0.5,413,85,0.014527845036319613,0.0,0.08159676928104578,0.009336470588235385,0.1728849399673203,0.21489388347030344,0.043702887412357685,0.42470291775937774
EDF,1.0,413,85,0.01937046004842615,0.0,0.1440885339869279,0.035865882352941095,0.2806068799183003,0.41305844335425235,0.11431651889780133,0.7946640543013364
EDF,2.0,413,85,0.01937046004842615,0.0,0.21568853398692767,0.06493915452614377,0.41346476928104503,0.5740574267474828,0.17907074664214997,1.061647957227701
LLF,0.5,413,85,0.01937046004842615,0.0,0.034065882352941085,5.411764705881991e-05,0.08247423529411736,0.45546611842368134,0.0008102657143114417,1.1896252951310644
LLF,1.0,413,85,0.01937046004842615,0.0,0.05019294117647052,5.411764705881823e-05,0.1255764705882352,0.6563175910398699,0.0008102657143110363,1.6335328702750564
LLF,2.0,413,85,0.021791767554479417,0.0,0.05767294117647055,5.411764705891095e-05,0.1463317647058822,0.9494043201129756,0.000810265714311352,2.498607604290985
MPC,0.5,413,85,0.03389830508474576,0.004842615012106538,0.025190588235294378,0.0015317647058825333,0.05482947058823551,0.5030088447585993,0.09556983719639661,1.0730633108660608
MPC,1.0,413,85,0.03389830508474576,0.004842615012106538,0.034336470588235454,0.005421176470588327,0.07323570588235315,0.8489081148206646,0.09080724830934457,1.9194436263342518
MPC,2.0,413,85,0.03631961259079903,0.002421307506053269,0.0568400000000002,0.006234529411764825,0.12486476470588247,0.9680450867191096,0.09081339227963484,2.191809211666507
PPOLag,0.5,413,85,0.9322033898305084,0.06779661016949153,0.06717744647611001,0.02667317092831664,0.11835283381110225,0.8437446952311829,0.3717089976305213,1.450517606903538
PPOLag,1.0,413,85,0.9733656174334141,0.026634382566585957,0.08402057775555903,0.032477667688927556,0.1483672204166637,1.1285065082498071,0.4774842029829732,1.9376152732499354
PPOLag,2.0,413,85,0.9733656174334141,0.026634382566585957,0.09923074544267264,0.037189109044832455,0.17716860012381022,1.4947681500844183,0.5861223784231852,2.6549788104090566
