q,n,mean_err_h,mean_abs_err_h,median_err_h,p_later_1h,p_earlier_1h
2018Q2,24,-1.066,2.795,-0.162,0.208,0.333
2018Q3,249,-0.768,2.828,-0.014,0.301,0.281
2018Q4,2216,-1.248,2.48,-0.447,0.17,0.386
2019Q1,2518,-1.354,2.481,-0.539,0.16,0.415
2019Q2,2471,-1.835,2.64,-0.85,0.123,0.474
2019Q3,2152,-1.698,2.697,-0.787,0.142,0.465
2019Q4,1919,-1.537,2.79,-0.546,0.181,0.432
2020Q1,1643,-1.469,2.97,-0.62,0.2,0.446
2020Q2,65,0.845,3.152,0.854,0.446,0.231
2020Q3,63,2.11,3.722,1.762,0.571,0.159
2020Q4,264,3.804,5.519,5.734,0.708,0.197
2021Q1,582,3.804,5.401,4.864,0.725,0.168
2021Q2,1013,4.03,5.495,5.268,0.733,0.155
2021Q3,1186,3.524,4.95,3.259,0.616,0.207
